match_id,stage,home_team,away_team,p_home_win90,p_draw90,p_away_win90,p_home_progress,p_away_progress
95,Round of 16,Argentina,Egypt,0.7343673024898996,0.18825832813661408,0.07737436937348659,0.8619937393782587,0.13800626062174143
96,Round of 16,Switzerland,Colombia,0.24442064910473393,0.3029761885009838,0.45260316239428233,0.38060129838191287,0.6193987016180872
97,Quarter-finals,France,Morocco,0.48490162771892625,0.29653303221001154,0.21856534007106226,0.6524327576389105,0.3475672423610896
99,Quarter-finals,Norway,England,0.2351399352838414,0.30113297830675756,0.4637270864094012,0.36897737657940777,0.6310226234205923
